{
	"info": {
		"_postman_id": "5c184645-0b1c-42a2-b316-eba30d56376c",
		"name": "Cliq",
		"schema": "https://schema.getpostman.com/json/collection/v2.1.0/collection.json"
	},
	"item": [
		{
			"name": "Client Details By userId",
			"request": {
				"method": "GET",
				"header": [
					{
						"key": "userId",
						"value": "mohammed.ali",
						"type": "text"
					},
					{
						"key": "unit",
						"value": "JOR",
						"type": "text"
					}
				],
				"url": {
					"raw": "http://10.150.161.116/cliq/api/v1/client",
					"protocol": "http",
					"host": [
						"10",
						"150",
						"161",
						"116"
					],
					"path": [
						"cliq",
						"api",
						"v1",
						"client"
					]
				}
			},
			"response": []
		},
		{
			"name": "Client Details by Id",
			"request": {
				"method": "GET",
				"header": [
					{
						"key": "unit",
						"type": "text",
						"value": "JOR"
					}
				],
				"url": {
					"raw": "http://10.150.161.116/cliq/api/v1/client?idType=NID&id=9762014111",
					"protocol": "http",
					"host": [
						"10",
						"150",
						"161",
						"116"
					],
					"path": [
						"cliq",
						"api",
						"v1",
						"client"
					],
					"query": [
						{
							"key": "idType",
							"value": "NID"
						},
						{
							"key": "id",
							"value": "9762014111"
						}
					]
				}
			},
			"response": []
		},
		{
			"name": "Get Accounts",
			"request": {
				"method": "GET",
				"header": [
					{
						"key": "userId",
						"type": "text",
						"value": "mohammed.ali"
					},
					{
						"key": "unit",
						"value": "JOR",
						"type": "text"
					}
				],
				"url": {
					"raw": "http://10.150.161.116/cliq/api/v1/accounts",
					"protocol": "http",
					"host": [
						"10",
						"150",
						"161",
						"116"
					],
					"path": [
						"cliq",
						"api",
						"v1",
						"accounts"
					]
				}
			},
			"response": []
		},
		{
			"name": "Hold Transaction",
			"request": {
				"method": "POST",
				"header": [
					{
						"key": "userId",
						"type": "text",
						"value": "mohammed.ali",
						"disabled": true
					},
					{
						"key": "unit",
						"value": "JOR",
						"type": "text"
					},
					{
						"key": "Content-Type",
						"name": "Content-Type",
						"value": "application/json",
						"type": "text"
					},
					{
						"key": "clientNo",
						"value": "110044",
						"type": "text"
					}
				],
				"body": {
					"mode": "raw",
					"raw": "{\n    \n        \"accountNumber\": \"JO52ABCJ0001001100440901010012\",\n        \"amount\": 12,\n        \"currency\": \"JOD\",\n        \"narrative\": \"TEST\"\n    \n}",
					"options": {
						"raw": {
							"language": "json"
						}
					}
				},
				"url": {
					"raw": "http://10.150.161.116/cliq/api/v1/transaction/hold",
					"protocol": "http",
					"host": [
						"10",
						"150",
						"161",
						"116"
					],
					"path": [
						"cliq",
						"api",
						"v1",
						"transaction",
						"hold"
					]
				}
			},
			"response": []
		},
		{
			"name": "Release Transaction",
			"request": {
				"method": "PUT",
				"header": [
					{
						"key": "userId",
						"type": "text",
						"value": "mohammed.ali"
					},
					{
						"key": "unit",
						"type": "text",
						"value": "JOR"
					},
					{
						"key": "Content-Type",
						"name": "Content-Type",
						"type": "text",
						"value": "application/json"
					}
				],
				"body": {
					"mode": "raw",
					"raw": "{\n    \"transactionReference\": \"20INT50009525\"\n}",
					"options": {
						"raw": {
							"language": "json"
						}
					}
				},
				"url": {
					"raw": "http://10.150.161.116/cliq/api/v1/transaction/release",
					"protocol": "http",
					"host": [
						"10",
						"150",
						"161",
						"116"
					],
					"path": [
						"cliq",
						"api",
						"v1",
						"transaction",
						"release"
					]
				}
			},
			"response": []
		},
		{
			"name": "Post Transaction",
			"request": {
				"method": "PUT",
				"header": [
					{
						"key": "userId",
						"type": "text",
						"value": "mohammed.ali"
					},
					{
						"key": "unit",
						"type": "text",
						"value": "JOR"
					},
					{
						"key": "Content-Type",
						"name": "Content-Type",
						"type": "text",
						"value": "application/json"
					}
				],
				"body": {
					"mode": "raw",
					"raw": "{\n    \"transactionReference\": \"20INT50009526\"\n}",
					"options": {
						"raw": {
							"language": "json"
						}
					}
				},
				"url": {
					"raw": "http://10.150.161.116/cliq/api/v1/transaction/post",
					"protocol": "http",
					"host": [
						"10",
						"150",
						"161",
						"116"
					],
					"path": [
						"cliq",
						"api",
						"v1",
						"transaction",
						"post"
					]
				}
			},
			"response": []
		},
		{
			"name": "Receive Transaction",
			"request": {
				"method": "POST",
				"header": [
					{
						"key": "userId",
						"type": "text",
						"value": "mohammed.ali"
					},
					{
						"key": "unit",
						"value": "JOR",
						"type": "text"
					},
					{
						"key": "Content-Type",
						"name": "Content-Type",
						"value": "application/json",
						"type": "text"
					}
				],
				"body": {
					"mode": "raw",
					"raw": "{\n    \n        \"accountNumber\": \"JO52ABCJ0001001100440901010012\",\n        \"amount\": 12,\n        \"currency\": \"JOD\",\n        \"narrative\": \"TEST\"\n    \n}",
					"options": {
						"raw": {
							"language": "json"
						}
					}
				},
				"url": {
					"raw": "http://10.150.161.116/cliq/api/v1/transaction/receive",
					"protocol": "http",
					"host": [
						"10",
						"150",
						"161",
						"116"
					],
					"path": [
						"cliq",
						"api",
						"v1",
						"transaction",
						"receive"
					]
				}
			},
			"response": []
		}
	],
	"protocolProfileBehavior": {}
}